{
  "meta": {
    "empresa": "Docg Group",
    "moeda": "BRL",
    "fonte": "Orcamento 2026 (Docg + Franquias + Distribuidora + Coralina + Tech + S.A + Proline)",
    "anoBase": 2026,
    "anosProjecao": [
      2027,
      2028,
      2029
    ],
    "irpjFactor": 0.11663,
    "marketingComercialSplit": {
      "marketing": 0.55,
      "comercial": 0.45
    }
  },
  "seasonalIndex": [
    0.077489,
    0.078413,
    0.071638,
    0.078301,
    0.082359,
    0.082359,
    0.085916,
    0.085916,
    0.085916,
    0.090565,
    0.090565,
    0.090565
  ],
  "base2026": {
    "monthly": {
      "receitaBruta": [
        4260228.9,
        4310990.17,
        3938513.44,
        4304838.78,
        4527946.54,
        4527946.54,
        4723511.67,
        4723511.67,
        4723511.67,
        4979112.68,
        4979112.68,
        4979112.68
      ],
      "deducoes": [
        -892960.61,
        -900573.6,
        -828266.54,
        -959513.26,
        -959513.26,
        -959513.26,
        -1010849.11,
        -1010849.11,
        -1010849.11,
        -1077944.37,
        -1077944.37,
        -1077944.37
      ],
      "receitaLiquida": [
        3367268.29,
        3410416.57,
        3110246.9,
        3345325.52,
        3568433.28,
        3568433.28,
        3712662.56,
        3712662.56,
        3712662.56,
        3901168.31,
        3901168.31,
        3901168.31
      ],
      "cmv": [
        -2414161.68,
        -2455531.44,
        -2309066.17,
        -2352494.61,
        -2440104.52,
        -2440008.52,
        -2498630.06,
        -2498726.06,
        -2500766.84,
        -2577447.15,
        -2577543.15,
        -2577399.15
      ],
      "lucroBruto": [
        953106.61,
        954885.13,
        801180.73,
        992830.91,
        1128328.76,
        1128424.76,
        1214032.51,
        1213936.51,
        1211895.72,
        1323721.16,
        1323625.16,
        1323769.16
      ],
      "marketing": [
        -117051.79,
        -114851.07,
        -114235.12,
        -184865.25,
        -184865.25,
        -184865.25,
        -207364.01,
        -207364.01,
        -207364.01,
        -207364.01,
        -207364.01,
        -207364.01
      ],
      "comercial": [
        -95769.65,
        -93969.06,
        -93465.09,
        -151253.39,
        -151253.39,
        -151253.39,
        -169661.46,
        -169661.46,
        -169661.46,
        -169661.46,
        -169661.46,
        -169661.46
      ],
      "folha": [
        -122099.4,
        -129770.2,
        -149098.38,
        -141561.97,
        -102717.81,
        -104954.76,
        -104930.76,
        -104978.76,
        -104978.76,
        -104978.76,
        -105026.76,
        -104954.76
      ],
      "administrativas": [
        -355413.18,
        -349429.42,
        -375312.83,
        -335440.32,
        -364364.63,
        -364364.63,
        -372187.23,
        -257187.23,
        -257187.23,
        -267411.27,
        -267411.27,
        -267411.27
      ],
      "bancarias": [
        -3.5,
        -2.5,
        -2.5,
        -86.23,
        -86.23,
        -86.23,
        -86.23,
        -86.23,
        -86.23,
        -86.23,
        -86.23,
        -86.23
      ],
      "outras": [
        -16132.5,
        -16132.5,
        -16132.5,
        -16132.5,
        -16132.5,
        -16132.5,
        -16132.5,
        -16132.5,
        -16132.5,
        -16132.5,
        -16132.5,
        -16132.5
      ],
      "ebitda": [
        246636.58,
        250730.38,
        52934.31,
        163491.25,
        308908.96,
        306768.01,
        343670.32,
        458526.32,
        456485.53,
        558086.93,
        557942.93,
        558158.93
      ],
      "da": [
        -10336.38,
        -10336.38,
        -10336.38,
        -11941.38,
        -11941.38,
        -11941.38,
        -11941.38,
        -11941.38,
        -11941.38,
        -11941.38,
        -11941.38,
        -11941.38
      ],
      "ebit": [
        236300.2,
        240394.0,
        42597.94,
        151549.87,
        296967.58,
        294826.63,
        331728.94,
        446584.94,
        444544.15,
        546145.56,
        546001.56,
        546217.56
      ],
      "recFin": [
        10000.0,
        10000.0,
        10000.0,
        10000.0,
        10000.0,
        10000.0,
        10000.0,
        10000.0,
        10000.0,
        10000.0,
        10000.0,
        10000.0
      ],
      "despFin": [
        -586534.22,
        -542064.15,
        -518601.07,
        -584084.11,
        -585793.06,
        -621626.25,
        -642980.15,
        -635526.5,
        -637898.42,
        -641258.14,
        -632800.15,
        -669551.37
      ],
      "lair": [
        -340234.01,
        -291670.15,
        -466003.13,
        -422534.23,
        -278825.48,
        -316799.62,
        -301251.21,
        -178941.56,
        -183354.26,
        -85112.58,
        -76798.59,
        -113333.82
      ],
      "irpj": [
        -53228.48,
        -63917.9,
        -50647.21,
        -61803.55,
        -91567.19,
        -91219.27,
        -101632.98,
        -146906.52,
        -151341.06,
        -186297.58,
        -186686.7,
        -187155.56
      ],
      "resultado": [
        -393462.49,
        -355588.05,
        -516650.34,
        -484337.79,
        -370392.67,
        -408018.9,
        -402884.18,
        -325848.08,
        -334695.32,
        -271410.17,
        -263485.29,
        -300489.37
      ]
    },
    "annual": {
      "receitaBruta": 54978337.41,
      "deducoes": -11766720.95,
      "receitaLiquida": 43211616.45,
      "cmv": -29641879.34,
      "lucroBruto": 13569737.12,
      "marketing": -2144917.79,
      "comercial": -1754932.73,
      "folha": -1380051.06,
      "administrativas": -3833120.52,
      "bancarias": -784.57,
      "outras": -193590.0,
      "ebitda": 4262340.45,
      "da": -138481.53,
      "ebit": 4123858.93,
      "recFin": 120000.0,
      "despFin": -7298717.59,
      "lair": -3054858.66,
      "irpj": -1372404.0,
      "resultado": -4427262.66
    }
  },
  "scenarios": {
    "Conservador": {
      "receita": 0.12,
      "cmv": 0.555,
      "marketing": 0.045,
      "comercial": 0.035,
      "folha": 0.14,
      "administrativo": 0.07,
      "capex": 0.02,
      "inflacao": 0.055,
      "despFin": 0.08,
      "impostos": 0.225
    },
    "Realista": {
      "receita": 0.2,
      "cmv": 0.5392,
      "marketing": 0.04,
      "comercial": 0.0309,
      "folha": 0.12,
      "administrativo": 0.06,
      "capex": 0.025,
      "inflacao": 0.045,
      "despFin": 0.05,
      "impostos": 0.214
    },
    "Agressivo": {
      "receita": 0.28,
      "cmv": 0.52,
      "marketing": 0.035,
      "comercial": 0.027,
      "folha": 0.15,
      "administrativo": 0.05,
      "capex": 0.035,
      "inflacao": 0.04,
      "despFin": 0.02,
      "impostos": 0.205
    }
  },
  "assumptionMeta": {
    "receita": {
      "label": "Crescimento da Receita Bruta",
      "min": 0,
      "max": 0.5,
      "step": 0.005,
      "unit": "%"
    },
    "cmv": {
      "label": "CMV (% da Receita Bruta)",
      "min": 0.3,
      "max": 0.75,
      "step": 0.005,
      "unit": "%"
    },
    "marketing": {
      "label": "Marketing (% da Receita Bruta)",
      "min": 0,
      "max": 0.15,
      "step": 0.0025,
      "unit": "%"
    },
    "comercial": {
      "label": "Comercial (% da Receita Bruta)",
      "min": 0,
      "max": 0.15,
      "step": 0.0025,
      "unit": "%"
    },
    "folha": {
      "label": "Crescimento da Folha",
      "min": 0,
      "max": 0.4,
      "step": 0.005,
      "unit": "%"
    },
    "administrativo": {
      "label": "Crescimento Administrativo",
      "min": 0,
      "max": 0.3,
      "step": 0.005,
      "unit": "%"
    },
    "capex": {
      "label": "Capex (% da Receita Bruta)",
      "min": 0,
      "max": 0.1,
      "step": 0.0025,
      "unit": "%"
    },